customer_id,name,city,email,customer_since
1,Rahul Sharma,Hyderabad,rahulsharma@gmail.com,2005
2,Priya Reddy,Bangalore,priyareddy@gmail.com,2008
3,Amit Kumar,Chennai,amitkumar@gmail.com,2010
4,Mr. Ernest Brown Jr.,Adamsberg,david00@example.org,2024-11-26
5,Dawn Larson,Joshuabury,bobby46@example.com,2024-03-04
6,Sherry Smith,Whitefurt,jeremywilliams@example.com,2017-10-22
7,Brad Hoffman,Kellymouth,kathleen66@example.net,2017-07-13
8,Samuel Griffin,New Williamfort,crawfordmeredith@example.com,2018-09-04
9,Deborah Thomas,Colemanburgh,arthurhernandez@example.org,2025-01-03
10,Gregory George,West Lisa,fergusonsteven@example.org,2018-05-18
11,Danielle West,Port Patricia,romerodaniel@example.net,2025-05-13
12,Matthew Cross,Alexandriamouth,shunter@example.org,2019-07-09
13,Gina Townsend,Sullivanview,bakertabitha@example.net,2022-07-14
14,Chelsey Winters,East Emilyland,gibsonjessica@example.org,2022-05-24
15,Joshua Parker,North Sarahport,andre90@example.org,2016-11-22
16,Scott Martin,Port Samanthaberg,daniel09@example.com,2020-01-10
17,Jonathan Taylor,Cunninghamtown,timothycarroll@example.org,2023-05-24
18,Charles Jones,South Michelleport,danielfoster@example.org,2018-12-15
19,Emily Smith,Jerryhaven,abigailday@example.net,2020-08-20
20,Holly Sutton,East Melanieland,knightlouis@example.org,2017-01-05
21,Dean Miller,Martinezborough,iphillips@example.com,2025-08-09
22,Kathryn Lewis,Lake Mario,schwartzconnie@example.net,2021-05-22
23,Sandra Ponce,South Adam,brianwalker@example.net,2024-10-23
24,Samantha Johnson,Lake Rebeccaland,davislisa@example.org,2021-08-07
25,Rebecca Harvey,North Michaelport,denise66@example.org,2022-03-11
26,Logan Allen,Myersmouth,daniel31@example.net,2020-11-04
27,Carmen Grant,North Kathychester,beckertravis@example.com,2025-03-18
28,Jacqueline Velazquez,East Christieville,jeremy18@example.com,2023-09-24
29,Gregory Jennings,Port Ariel,jeremysmith@example.org,2025-03-11
30,Thomas Bolton,Jeremiahmouth,angela49@example.net,2024-12-24
31,Michael Blevins,North Brittanyberg,xyoung@example.com,2023-08-05
32,Amanda King,Rodriguezhaven,iharris@example.org,2017-07-18
33,Kayla Smith,Barrettstad,ryan44@example.org,2025-02-20
34,Sandra Baird,Davisport,arroyoangela@example.net,2025-02-20
35,Reginald Nash,Jonathanburgh,lgutierrez@example.org,2021-09-14
36,Cynthia Smith,East Alexis,vmason@example.com,2017-12-06
37,Tyler Lewis,Richardbury,eric82@example.net,2021-12-23
38,Jessica Warren,Robertstad,jennifergraham@example.org,2016-07-03
39,Randy Rosales,North Shannonbury,fgonzalez@example.net,2025-07-20
40,Lauren Hatfield,North Robertburgh,ccastaneda@example.com,2016-09-09
41,Kevin Moody,Pattersonville,william38@example.com,2020-04-07
42,Audrey Barrett,South Donald,urussell@example.net,2025-03-29
43,Charles Terry,Davisside,ubartlett@example.com,2025-11-23
44,Troy Mitchell,Amandashire,jkirby@example.net,2026-03-11
45,William Tucker,North Erin,salasjoshua@example.com,2021-04-24
46,Tiffany Hanson,South Russellside,gdoyle@example.org,2019-02-10
47,Amy Henderson,West Julialand,jeffreybutler@example.com,2020-03-14
48,Joshua Reid,Port Charlesport,jasminegarcia@example.org,2023-09-19
49,William Cervantes,Port Melanie,nathan00@example.com,2023-03-10
50,Christina Watts,Port Denisemouth,marilyn39@example.net,2025-04-21
51,Wendy Crawford,East Kelly,davidjefferson@example.org,2025-07-16
52,Julia Saunders,Jonesmouth,kruegermichele@example.org,2025-02-25
53,Jeremy Liu,North Jennifer,tsanders@example.com,2021-03-10
54,Jared Gutierrez,Hughesburgh,robertharper@example.org,2021-05-25
55,Craig Patterson,Alexandraport,anitamitchell@example.org,2016-09-16
56,Alex Walker,Stephaniemouth,lindseybass@example.net,2020-03-09
57,Shaun Sims,Port Trevor,andersoncynthia@example.com,2026-03-09
58,Dr. Alexander Wilson,Whiteland,olsondebra@example.com,2019-06-26
59,Kaitlyn Rodriguez,Staffordton,donald19@example.net,2017-02-15
60,Mr. Garrett Figueroa,South Marcushaven,jonathanbernard@example.com,2023-02-08
61,Richard White,West Billystad,andreawalker@example.com,2018-02-10
62,Matthew Calhoun,Lake Matthew,levinematthew@example.net,2016-09-02
63,Charles Ortiz,Hansonland,steven76@example.com,2022-04-14
64,Travis Dixon,South Danaland,nicholasdavis@example.com,2025-06-02
65,Ian Robbins,Lake Kaylaside,matthew57@example.com,2016-07-15
66,Mary Griffin,Brettburgh,wlopez@example.org,2021-06-27
67,Christopher Morse,East Jessefort,melissa22@example.org,2020-10-01
68,Lauren Miller,Port Danielland,emily43@example.org,2019-01-26
69,Mr. Marc Harris,West Juliaville,robin93@example.net,2020-07-15
70,Heidi Lee,Josephshire,hmccoy@example.com,2017-03-29
71,Teresa Nichols,Sanderstown,johnsonmichelle@example.com,2025-11-26
72,Eric Walls,North Elizabeth,mvelasquez@example.org,2024-04-05
73,Stephen Walsh,Snyderport,holmeskimberly@example.org,2020-09-13
74,Maria Baker,East Wandaburgh,xmayo@example.net,2021-09-29
75,Laurie Johnson,Gailbury,asheppard@example.org,2018-11-01
76,Kimberly Moore,North Tammyland,shawnrice@example.net,2019-01-09
77,Noah Compton,Gomeztown,jaclynbyrd@example.com,2024-03-18
78,Erika Anthony,Maynardborough,eric72@example.org,2022-11-28
79,Thomas Hughes,Salazarland,omiller@example.net,2020-07-28
80,Donna Price,Silvamouth,zlucas@example.com,2022-06-07
81,Alexis Jones,North Karenshire,rwilson@example.org,2017-08-04
82,Eric Mcbride,Wilkersonmouth,julie45@example.org,2024-08-16
83,Heather Thomas,Holderberg,dknapp@example.org,2017-08-15
84,Julie Welch,Allentown,daniel85@example.com,2025-05-20
85,Penny Singleton,Port Williamview,taylormark@example.org,2022-02-08
86,Kyle Chen,South Sandy,tonyross@example.com,2025-12-27
87,Franklin Holt,Heatherbury,qhopkins@example.net,2024-04-17
88,Margaret Rodriguez,North Jamiebury,joe21@example.net,2025-04-30
89,Eric Alvarado,Lake Austinchester,christopherduran@example.net,2017-12-01
90,James Dean,East Steven,rogerswilliam@example.org,2021-12-29
91,Jennifer Johnson,Port Kimberlyshire,frank29@example.net,2022-09-07
92,Craig Wilkinson,New Joseph,rarnold@example.net,2020-02-09
93,Robert Hamilton,North Leonard,thomas81@example.com,2019-12-02
94,Kathleen Miranda,Port Samantha,marco83@example.net,2022-07-10
95,Nathaniel Mercado,Maryport,preston69@example.org,2022-04-30
96,Marisa Coleman,Richardsland,taylorsharon@example.org,2021-08-23
97,Christopher Rogers,Mitchellside,christopherowen@example.org,2022-10-04
98,Jessica Moore,Howardmouth,joseph72@example.org,2025-04-13
99,David Lee,Lake Paulaland,lbaker@example.com,2025-01-01
100,Jose Harper,Richardberg,scottliu@example.net,2024-10-22
101,Bryan Mullins,Lake Duanebury,gcohen@example.org,2023-07-26
102,Zachary Sanchez,East Deanna,utyler@example.com,2018-07-07
103,Sherri Cohen,Sarahfurt,lisa53@example.net,2019-03-12
104,Kim Smith,South Eric,michaeljenkins@example.org,2020-04-27
105,Brenda Cowan,Debbieville,ddavis@example.net,2016-08-28
106,Sarah Graham,Jorgeside,kristin61@example.org,2024-05-28
107,Stephanie Meyer,Jaredberg,william73@example.net,2022-12-30
108,Tyler Martin,Maryfurt,dawnlee@example.net,2019-01-02
109,Michelle Sweeney,New Jeffreychester,whitneyfarley@example.org,2020-11-05
110,Erika Hoffman,East Davidstad,vickiepoole@example.com,2020-04-21
111,Linda Moore,Josephburgh,masonbrianna@example.org,2023-10-10
112,Brandon Morales,South Jasminehaven,beverlywiggins@example.com,2022-11-18
113,Kyle Davis,West John,kristina55@example.com,2018-09-06
114,Amy Stark,South Kathleenview,stewartkathy@example.org,2020-03-03
115,Heather Woodward,West Angela,qbrown@example.net,2016-12-06
116,Raymond Olsen,Sandraview,fieldskevin@example.org,2022-09-22
117,Douglas Ford,South Brian,ihogan@example.org,2016-12-24
118,Antonio Norton,South Timothyland,randyrosario@example.org,2023-08-01
119,Travis Lyons,Port Amber,jacksonvictoria@example.org,2024-11-19
120,Tracy Callahan,North Mark,ashley33@example.com,2018-11-06
121,Kyle Williams,Davidsonland,chavezpamela@example.net,2021-04-27
122,David Valdez,Jasmineville,crodriguez@example.org,2016-10-06
123,Melissa Mckee,Craigmouth,patrickscott@example.net,2021-02-27
124,Evan Rowe,New Brucestad,robert98@example.net,2025-02-03
125,Darius Romero,Lake Justin,mary83@example.com,2025-11-09
126,Rachel Becker,North Anthonyport,matthew47@example.com,2017-12-19
127,Jonathan Miller,Lake Jared,vaguirre@example.net,2020-05-11
128,Nicholas Mendoza,Frenchmouth,wroy@example.org,2024-04-06
129,Donna Duncan,Port Connor,littlemarissa@example.net,2022-10-13
130,Emily Todd,Lake Amanda,hsandoval@example.org,2023-05-15
131,Angela Davis,North Juan,newtonlinda@example.com,2025-05-17
132,Karen Case,Hallland,mescobar@example.net,2021-11-25
133,Sarah Goodman,Lake Danielleview,vhansen@example.net,2018-09-13
134,Michael Logan,Hamiltonhaven,daniel89@example.org,2023-08-18
135,Jason Stephens,East David,pobrien@example.net,2017-03-21
136,Manuel David,Port Sean,jeffreymorris@example.org,2019-06-16
137,Michael Williams,Baileymouth,henrykelsey@example.com,2020-10-22
138,Ian Davies,North Sean,vcobb@example.org,2019-04-16
139,Briana Burns,Shawchester,stevensjason@example.org,2022-08-21
140,Gregory Wiley,Benjaminberg,khancock@example.com,2016-12-29
141,Jeffrey Morrison,Colemanshire,jeffrey72@example.org,2022-02-19
142,Steven Brown,South Deborah,matthewpatterson@example.net,2022-05-25
143,Tiffany Gutierrez,West Ralph,levinewilliam@example.com,2025-11-26
144,Melissa Frost,Larryshire,powellmatthew@example.com,2026-05-04
145,Patricia Pierce,Port Troyport,grahamlauren@example.net,2022-05-23
146,Christopher Washington,New Kevinport,kellysmith@example.com,2024-10-25
147,John Ross,Lake James,kelseysantos@example.com,2021-01-19
148,Lynn Hansen,Gwendolynmouth,cwatson@example.org,2019-11-01
149,Emily Clements,Whitneymouth,jorge92@example.net,2021-06-04
150,Anna Garcia,South Marissa,kimberly88@example.net,2023-01-16
151,Shelia Diaz,New Cliffordborough,andrewschroeder@example.net,2026-04-22
152,Jonathan Houston,Port Alexandraton,xbrewer@example.net,2023-01-21
153,Dennis Guzman,Jessicastad,cassandrahernandez@example.com,2020-02-28
154,Jason Owens,East Ethan,castillojonathan@example.com,2021-02-02
155,Melissa Ward,New Victorview,bbrewer@example.org,2017-03-17
156,Kathy Thompson,Cummingsborough,phillipfreeman@example.org,2024-06-17
157,Ashley Contreras,East Elizabethport,lmoran@example.com,2023-08-23
158,Amy Keller,South Drew,dmiller@example.com,2022-03-06
159,Brandon Harrington,Samanthastad,courtneyedwards@example.org,2020-08-24
160,Michele Sellers,Port Frank,todd38@example.com,2021-03-08
161,Patrick Jordan,West Stephen,kennethhill@example.net,2024-11-20
162,Anna Collins,West John,elizabethwilson@example.org,2021-11-08
163,Carrie Cook,Lake Adamburgh,jschwartz@example.net,2023-07-01
164,Michael Taylor,Autumnmouth,theresa50@example.net,2019-01-13
165,Erika Lopez,Stephensview,herreradouglas@example.org,2018-07-28
166,Paula Gibson,Lopezton,hbrown@example.net,2020-12-11
167,Olivia Butler,Lake Samuelburgh,simsmelissa@example.com,2016-08-11
168,Jessica Greene,Smithville,leslieking@example.net,2025-09-26
169,Christopher Diaz,New Michaelshire,meganlopez@example.com,2019-10-12
170,Mrs. Jennifer Reynolds DDS,South Jeremymouth,kevinjackson@example.com,2024-03-25
171,Amy Jensen,Port Alexandra,felicia21@example.org,2018-06-13
172,Kevin Gordon,West Taylor,brandtsteven@example.org,2024-06-06
173,Micheal Brown,East Emma,olewis@example.com,2018-12-04
174,Brandon Burnett,Andrewfort,spencerbenjamin@example.org,2025-07-13
175,Tony Nunez,Melissaview,muellerbridget@example.net,2023-08-13
176,Wendy Jackson,Howardmouth,colinhayes@example.net,2022-01-10
177,Lisa Rocha,Baileyfurt,crystal43@example.net,2020-07-09
178,Gary Newton,Lisamouth,hullkevin@example.org,2017-08-19
179,Tracy Decker,Brandonmouth,valdezjohn@example.org,2019-01-05
180,Chelsea Fowler,Lake Carolyn,acostacraig@example.net,2020-06-11
181,Ashley Nguyen,East Julian,erojas@example.org,2017-05-23
182,Zachary Ramirez,Floreshaven,andrea93@example.com,2024-12-28
183,Tyler Nixon,Suzannehaven,cstrickland@example.com,2025-11-21
184,Stephen Elliott,Hillland,joshua24@example.com,2024-04-12
185,Mark Faulkner,Fisherfort,kevin09@example.org,2020-11-18
186,Richard Butler,Elizabethborough,justin27@example.com,2016-12-25
187,Lisa Meyers,Douglasfort,andersonmichael@example.net,2019-08-24
188,Stephanie Sanchez,Petersberg,maciaskathryn@example.net,2020-06-04
189,Phyllis Mcclure MD,West Bradleyview,pguzman@example.net,2023-06-25
190,Gary Weaver,Lake Patrickville,anthony57@example.com,2021-05-07
191,David Lewis MD,Jennifermouth,scottbradley@example.com,2022-11-27
192,Scott Ramirez,West Nathanbury,andrea21@example.net,2020-05-10
193,Kim Garcia,Erinburgh,alee@example.org,2017-04-17
194,Elizabeth Jones,Johnsonstad,hoffmanjaime@example.org,2019-05-03
195,Michael Smith,Donaldborough,gamblemark@example.com,2017-05-10
196,Patrick Smith,Crystalmouth,alexandercastro@example.org,2025-04-25
197,Andrew Cox,Johnton,ellisautumn@example.org,2017-02-22
198,Margaret Friedman,Melissaberg,ljackson@example.org,2026-03-25
199,Brandon Gomez,West Ricky,joanne43@example.com,2025-10-16
200,Jeffrey Rivera,Michaelland,ugonzalez@example.org,2016-12-20
201,Karen Brown,New Oscarport,alexisgutierrez@example.com,2025-11-12
202,Michael Baker,East Carly,maria90@example.org,2025-09-28
203,Nathan Spence,Howardbury,brownjennifer@example.net,2019-02-10
204,Taylor Kane,West Andrew,kochtimothy@example.net,2021-08-04
205,Becky Farley,New Richard,dhanna@example.com,2023-01-02
206,Aaron Russell,Richardfort,leonardmoran@example.org,2022-10-08
207,Aaron Mcintosh,Port Gina,bkelley@example.net,2023-10-28
208,Susan Gates,South Stephanieside,webbdesiree@example.com,2019-06-02
209,Dawn Ward,Cooperfurt,fitzgeraldelizabeth@example.net,2022-08-08
210,Scott Leonard,Edwardsmouth,travis23@example.net,2023-04-21
211,Maria Arroyo,Reynoldsborough,wschultz@example.org,2024-07-20
212,Kevin Moore,Lake Cynthia,jamesrogers@example.org,2022-03-16
213,John Matthews,East William,phillipsnathan@example.org,2019-01-08
214,David Stanley,South Lanceberg,robin30@example.net,2016-12-18
215,Tara Lamb,Gonzalezmouth,teresadunlap@example.net,2022-12-17
216,Miss Lisa Pearson DVM,Russellport,gomeztina@example.com,2019-07-11
217,Crystal Palmer,West Seanshire,ibaker@example.org,2020-06-27
218,Mr. Robert Smith,Lake David,allenthomas@example.com,2017-07-12
219,Amy Christensen,Port Crystalborough,amy87@example.net,2022-09-10
220,Jeffrey Herring,Nealhaven,rdixon@example.org,2024-11-29
221,Maria Mathews,New Garrett,riveradavid@example.org,2025-06-01
222,Michelle Young,Lake Apriltown,sarahmorris@example.org,2023-02-11
223,Eric Foster,New Luke,john39@example.com,2018-10-17
224,John Alvarez,Jessicaview,lopezryan@example.net,2016-10-12
225,Kimberly Payne,Port Tracy,ingramlaura@example.org,2017-02-09
226,Andre Wilson,South Brandonbury,michael91@example.net,2016-10-01
227,Natalie Cruz MD,Markborough,brianblanchard@example.net,2016-10-18
228,Kristen Rogers,East Ann,vaughanmatthew@example.org,2019-01-19
229,Michael Harris,South Theresa,lindaward@example.com,2020-06-15
230,Linda Hall,Port Daniel,georgejordan@example.org,2023-05-16
231,Steven Wheeler,Robinsonstad,tracy15@example.net,2025-12-14
232,Kayla Alvarado,New Janetshire,cynthia37@example.com,2026-02-12
233,Katherine Luna,Mccoyberg,edwin13@example.org,2018-09-24
234,Blake Ramsey,Leonardtown,tina70@example.com,2024-04-20
235,Devon Wilson,South Pamelafort,hannah46@example.org,2019-11-12
236,Stephanie Moore,Christinatown,nelsonbethany@example.net,2023-07-12
237,Laura Roberts,Robertsside,todd02@example.org,2020-05-06
238,Courtney Hudson,Port Jasonland,davidpage@example.org,2021-10-01
239,Donna Moran,New Hannahborough,jorgemcbride@example.net,2026-05-05
240,Terrance Delgado,Brittanyport,olivia51@example.net,2017-02-22
241,Melissa Guerrero,North Michaelmouth,ejones@example.net,2023-10-07
242,Joshua Martinez,Johnland,hessjulie@example.net,2016-06-22
243,Cindy Nelson,Lake Robertburgh,martinsandra@example.net,2024-08-11
244,Matthew Cox,North Dawn,douglashill@example.org,2018-07-03
245,Anne Clark,North Arthurfurt,daviessamantha@example.com,2020-08-18
246,Tina Foster,Westside,moralesbeth@example.net,2023-08-06
247,Dr. Anthony Phillips,Kingchester,mdavis@example.net,2022-02-03
248,Holly Ward,Simmonschester,eric26@example.org,2018-05-02
249,Ryan Watson,New Andrew,hansensherri@example.net,2022-07-08
250,David Kelley,Marshstad,lphillips@example.com,2023-12-17
251,Lisa Smith,Johnsonburgh,jgray@example.org,2019-11-13
252,Michael Griffin,Port Michael,jesse57@example.net,2017-01-02
253,Katie Melton,West Janet,craigfrazier@example.net,2016-10-28
254,Patricia Jackson,Wadefort,arianajoseph@example.com,2024-08-16
255,Veronica Simpson,Jacobsfurt,williamdavenport@example.com,2020-05-05
256,Sandra Ramirez,North Joe,gwilliams@example.com,2025-12-16
257,Christine Shepard,South Dannyton,morachris@example.org,2026-05-21
258,Nicole Hicks,Maymouth,nicholasalvarez@example.com,2017-11-30
259,Jordan Parker,Wadeview,nelsonheather@example.org,2023-11-06
260,Sydney Jones,Darlenehaven,nicholas12@example.net,2026-04-19
261,Aaron Marsh,Moorestad,kayla14@example.net,2022-10-08
262,Michael Davis,North Jonathan,shelbybrooks@example.net,2024-04-19
263,John Harrington PhD,Dennisburgh,gmiller@example.com,2025-04-09
264,Alicia Fuentes,North Cynthiafurt,tdawson@example.net,2017-07-14
265,Bruce White,New Richard,barbara36@example.com,2026-03-11
266,Kevin Mendoza,East Christinetown,qmartinez@example.net,2024-02-20
267,Amanda Walls,Wagnerberg,fernandezcathy@example.org,2024-02-10
268,Paul Foley,Robertville,fieldsmartin@example.net,2022-02-20
269,Richard Brooks,East Judithburgh,curryjennifer@example.net,2021-05-29
270,Alan Oliver,Quinntown,william09@example.org,2021-09-03
271,David Butler,Port Shelly,laurasmith@example.com,2020-08-14
272,Joseph Pratt,Schmidtside,orozcokatherine@example.net,2020-01-18
273,Mr. Adam Watson,Lake Tiffany,jonestiffany@example.net,2019-04-28
274,Geoffrey Johnson,Coreyview,jennifer52@example.net,2017-01-27
275,Evan Mclaughlin,Lake Michael,yreid@example.com,2021-09-26
276,Nathan Cunningham,South Aaronfort,rdavis@example.com,2021-03-21
277,Kevin Conner,West Jeffreyside,nathan26@example.net,2018-05-05
278,Frank Graham,Wardtown,broach@example.org,2018-02-27
279,Dustin Jackson,Cookhaven,garcianathan@example.com,2025-07-21
280,Mrs. Julia Shea,Daviston,dreyes@example.net,2017-08-08
281,Steven Berry,Nicoleside,sherrylopez@example.net,2022-05-16
282,Kelly Phillips,Smithstad,sandra96@example.net,2022-01-20
283,Christian Conner,Thomasstad,timothyhansen@example.org,2021-09-27
284,Sara Burns,Catherineton,gwoods@example.net,2021-04-19
285,Travis Martin,Lake Brandonmouth,westdenise@example.com,2022-02-19
286,Jeffrey Williams,South Tristanborough,michael73@example.org,2021-08-14
287,Samantha Sanchez,Gonzalezville,adamruiz@example.net,2018-06-05
288,Erika Martinez,North Gailbury,erichendricks@example.net,2022-06-15
289,Natalie Nguyen,Wendymouth,michaeljackson@example.com,2022-04-08
290,Nicole Heath,East Brucemouth,ppalmer@example.net,2024-03-22
291,Anne Hawkins,Nancyborough,fisherdanielle@example.com,2021-05-12
292,Jonathan Nelson,Bowmantown,trujillorobert@example.org,2018-04-28
293,Alyssa Spencer,Williamport,john19@example.net,2022-11-05
294,Peter Strickland,Holmesbury,cynthiakoch@example.net,2017-04-29
295,Cathy Smith,Port Angelica,jordan62@example.net,2022-01-23
296,Travis Walton,North Margaret,clarksheena@example.com,2022-04-05
297,Teresa Jones,South Belindaville,lyoung@example.com,2021-09-20
298,Leslie Jackson,Andrealand,irice@example.com,2024-02-19
299,Shelly Walker,North Williamview,matthew34@example.org,2018-01-16
300,Kelsey Yates,Jasonborough,baileybrent@example.net,2022-10-25
301,Cory Moreno,Brianhaven,tstewart@example.net,2018-11-22
302,Ross Gonzalez,Lake Morgan,laurenjones@example.net,2024-06-17
303,Margaret Brown,West Donald,abigailsmith@example.org,2021-04-27
304,Amber Blair,New Coryburgh,hansondaniel@example.org,2021-03-27
305,Matthew Orozco,Kingside,jamesspence@example.org,2021-12-10
306,Nicole Tyler,Hernandezmouth,bradgarrett@example.com,2023-09-09
307,Scott Hill,Lake Jacquelineville,stephanie51@example.net,2022-04-01
308,Anthony Hanson,East Gabrielaview,amandaowens@example.org,2020-10-10
309,Jacqueline Jones,New Pamelaland,karenwilkinson@example.com,2023-11-07
310,Matthew White,Christopherberg,gclark@example.net,2024-11-22
311,Brent Jackson,East Kennethmouth,johnsonconnie@example.com,2021-04-17
312,Molly Boyd,Hoganchester,leonanthony@example.com,2021-02-22
313,Michael Bowers,Silvamouth,brichardson@example.org,2021-08-23
314,Victoria Salas,Sarahaven,melissa33@example.com,2026-03-07
315,Michael Barnes,West Tony,martinezlori@example.com,2019-08-20
316,Jonathan Barnes DDS,Ryanhaven,victoriawright@example.net,2016-08-29
317,Emily Lucas,New Charlesport,andersonnathan@example.org,2016-11-21
318,Ashley Miller,Lake Matthewmouth,aaroncook@example.com,2016-09-03
319,Matthew Wilson,Cindyberg,ibarrawesley@example.org,2023-11-07
320,April Floyd,North Teresahaven,awalls@example.org,2022-02-07
321,Bradley Sims,Bethanyburgh,hwilliams@example.net,2023-04-10
322,Breanna Williams,Nelsonbury,wilsonjennifer@example.org,2022-04-18
323,Richard Gonzalez,Ravenchester,laurie00@example.com,2017-05-12
324,Christina Brown,Donaldstad,melanie06@example.net,2025-09-02
325,Timothy Santos,West Jenniferhaven,michaeltyler@example.org,2016-11-15
326,Mr. Timothy Wu,Janicefurt,ashleyramos@example.net,2025-03-26
327,Cynthia Hicks,South Kimberlymouth,austin91@example.net,2021-04-09
328,Gabriel Howard,Lake Matthew,youngbrenda@example.com,2022-08-23
329,Jennifer Williams,New Carltown,christian04@example.net,2018-08-12
330,Michael Bush,Petersmouth,erikahicks@example.com,2017-04-21
331,Angela Simmons,Lake Stacy,johngeorge@example.org,2025-05-06
332,Matthew Mcdaniel,Benjaminview,debbiemoore@example.net,2024-09-30
333,Brian Melendez,Lake Doris,wendyleonard@example.org,2025-02-27
334,Cassidy Perry,Amandabury,josebaker@example.org,2023-03-19
335,Steven Nelson,New Rebeccahaven,tiffany52@example.net,2019-03-14
336,Jeffrey Richardson,East Ashleyside,slong@example.org,2024-12-10
337,David Morris,Samanthaburgh,morenogregory@example.com,2023-09-06
338,Shannon Jackson,Rebeccachester,mikebryant@example.com,2020-04-29
339,Nicholas Flores,Barryland,zsmith@example.org,2021-10-14
340,Samantha Rojas,Bradfordmouth,colelydia@example.com,2017-05-24
341,Michael Chen,Gillton,kiarawelch@example.net,2022-07-04
342,Tyler Wagner,South Tamarashire,rgreen@example.org,2019-01-24
343,Eric Roman,Christinatown,martinezheather@example.net,2025-11-22
344,Rachel Anderson,Lake David,stephanie73@example.org,2021-10-08
345,Brian Kelley,North Michelle,jwhite@example.net,2021-12-08
346,Thomas Allen,Garcialand,gmartinez@example.com,2021-01-07
347,Erika Brewer,Sandersside,ericatrujillo@example.net,2023-01-27
348,Henry Weaver,West Sylvia,kevin32@example.com,2021-12-21
349,Laura Frey,East Christopher,jason49@example.com,2026-05-11
350,Michael Cantu,Turnermouth,barnescarol@example.com,2024-12-30
351,Nathan Morris,South Kenneth,connerrebecca@example.net,2025-02-01
352,Lisa Webb,Wademouth,jsmith@example.net,2026-06-11
353,Holly Alvarez,South Christopherville,oward@example.com,2024-10-24
354,Rodney Suarez,Oliviaside,jeffreyknox@example.com,2019-07-01
355,James Moses,Hannahfort,edwardmurphy@example.org,2019-01-05
356,Lori Potts,West Christopherport,andersonwilliam@example.net,2022-05-14
357,Kylie Burgess,Lewistown,ydalton@example.com,2021-09-16
358,Cynthia Joyce,New Randybury,qsmith@example.com,2021-01-06
359,Donna Le,West Maria,anthonysmith@example.com,2020-07-26
360,Gary Wright,Boydbury,floresvictoria@example.net,2016-09-20
361,Patrick Camacho,Lake Gabrielberg,hortonbrooke@example.com,2018-01-19
362,Mason Harrington,Port Kelliberg,donnaharris@example.net,2021-01-01
363,Mrs. Marcia Fleming,Jameschester,jessica18@example.com,2017-06-04
364,Kimberly James,New Steven,yellis@example.org,2017-02-04
365,Lynn Pittman,Abbottmouth,oliverandre@example.net,2024-07-13
366,Robert Aguilar,Lopezmouth,vincent32@example.org,2019-04-15
367,Danny Ritter,West Kelseyberg,williamskaren@example.org,2021-03-28
368,Larry Williamson,Woodsfort,codyblack@example.com,2023-01-13
369,Brian Johnson,Lake Joyceborough,julie28@example.net,2020-10-09
370,Christian Vaughan,South Lisaborough,darryltravis@example.net,2024-09-01
371,Elizabeth Williams,Mathisshire,tonyareed@example.org,2024-04-23
372,Kristin Bennett,North Pamela,carolynkaiser@example.org,2021-04-02
373,Ms. Alexandra Hughes,Vegamouth,yadams@example.org,2026-02-22
374,Julian Marquez,Port Janet,jacob06@example.net,2023-01-14
375,Matthew Hudson,Kanechester,johnsonkrista@example.net,2023-11-03
376,Rebecca Harmon,Lake Michelle,danielwang@example.org,2016-07-28
377,Logan Garcia,Simonton,brendareynolds@example.net,2023-10-17
378,Alejandro Salazar,Huntermouth,harrisonmark@example.com,2020-08-27
379,Mitchell Alvarado,Brooksfurt,elizabethpope@example.org,2022-07-12
380,Amber George,Jacobsside,griffinjared@example.com,2026-03-08
381,Terry Cameron,Port Paul,beltrankimberly@example.org,2024-11-18
382,Ashley Goodwin,South Melissa,frank95@example.com,2021-12-05
383,Edward Sawyer,North Mitchellmouth,mcgrathmelissa@example.net,2019-09-20
384,Benjamin Anderson,Jamesfurt,stephaniecook@example.net,2026-04-15
385,Connie Young,Stokesbury,randy15@example.net,2026-01-14
386,Jennifer Peters,Christophermouth,egibson@example.net,2024-10-31
387,Jessica Mcmillan,East Victoria,jchristensen@example.com,2017-10-01
388,Jack Ball,North Blake,joshua18@example.org,2019-07-12
389,Derrick Jarvis,South Emily,schneiderevan@example.com,2022-07-29
390,Andrew Weber,North Sethton,ggarcia@example.org,2023-01-30
391,Andrea Lucas,Port Jennifer,jmorse@example.org,2025-10-08
392,Suzanne Clark,Powersbury,jonesmatthew@example.org,2018-05-14
393,Ryan Nelson,Port Alan,smooney@example.com,2018-06-23
394,Thomas Barajas,Rodriguezview,stewartstephanie@example.org,2020-12-30
395,Michael Lopez MD,Thomasburgh,justin59@example.org,2020-03-05
396,Darius Patterson,East Janicechester,christinewillis@example.net,2023-01-23
397,Abigail Nielsen,Danielmouth,shelly87@example.net,2024-05-11
398,Sandra Simpson,Port Danny,hrichardson@example.org,2023-08-20
399,Becky Miller,Danielville,yvonne98@example.net,2022-08-24
400,Michael Wilkerson,New Kellytown,fthompson@example.net,2022-09-09
401,Raymond Huff,Tommyberg,nbender@example.net,2017-07-20
402,Angela Faulkner,Terrystad,tdowns@example.net,2017-05-02
403,Zachary Atkinson,Lake Jasonchester,rgonzales@example.org,2017-12-08
404,Aaron Baker,East Vickie,barbara20@example.net,2025-10-12
405,Benjamin Blankenship,North Jesus,lindsaygarrett@example.net,2019-03-25
406,Jill Carey,Port Mario,joel15@example.org,2020-02-01
407,April Wade,Stacychester,wdavis@example.net,2022-02-15
408,Dennis Wheeler,Booneshire,valentinericardo@example.net,2019-03-10
409,Linda Chang,Aaronstad,christopherortega@example.com,2024-11-17
410,Elizabeth Arnold,East Staceybury,greerjoshua@example.com,2022-02-08
411,Amanda Crawford,Gordonton,mackandrew@example.net,2023-07-03
412,Lindsay Stone,Davidbury,michaelbecker@example.org,2017-09-01
413,Amber Hayes,West Marcusstad,ischmidt@example.com,2020-09-10
414,Shannon Ewing,New Adam,zkeith@example.org,2019-06-04
415,Michael Henderson,Denisefurt,jessicacooper@example.org,2022-12-05
416,Annette Sanchez,Annachester,kristysanders@example.net,2018-10-19
417,Christopher Medina,Stevenland,greenjonathon@example.com,2025-03-16
418,Ryan Campbell,Mooreside,mcclainwilliam@example.net,2023-01-09
419,Jessica Christian,Reedmouth,bradconner@example.com,2023-07-28
420,Robert Wallace,Port Joseph,dylanshort@example.org,2026-05-09
421,Caitlin Harris,New Ashleyhaven,henrymichelle@example.com,2025-05-06
422,Michael Chavez,Lindsaytown,kimjesse@example.net,2019-08-17
423,Frances Harris,Lake Jeremyfurt,wardtimothy@example.org,2024-11-26
424,Evan Hines,Morenofort,ucarter@example.net,2017-10-22
425,Destiny Williams,Lake Brian,heidi87@example.com,2018-02-24
426,Sydney Oneill,Lake Amyport,aroberts@example.com,2019-02-10
427,Troy Moss,Jordanmouth,josephlutz@example.com,2019-06-27
428,Amanda Stone,Cummingston,benjaminthomas@example.org,2017-01-09
429,Pamela Bender,South Rachel,daniellelawson@example.net,2018-10-22
430,Jacob Werner,Scottberg,william27@example.net,2017-11-28
431,Phillip Holmes,East Caleb,sanderscourtney@example.org,2026-01-02
432,Kellie Mahoney,Dustinfort,carolynfreeman@example.org,2024-09-22
433,Miguel Davis,Brianland,heathercampbell@example.net,2021-07-01
434,Willie Lopez,South Toddville,christopher47@example.org,2022-09-06
435,Holly Ellis,East Kyle,bernarddevin@example.org,2021-04-17
436,Dana Peck,Port Kristin,kharrison@example.net,2022-06-20
437,Ryan Wilson,Davismouth,alexandermaria@example.org,2018-05-27
438,Jennifer Ramirez,Port Andrefurt,qward@example.com,2022-08-05
439,Mrs. Joy Smith,South Lorrainemouth,olsonmatthew@example.net,2018-01-28
440,Michelle Weber,Frenchview,michelle99@example.org,2026-02-05
441,Jose White,New Johnview,melinda73@example.com,2016-12-27
442,Susan Turner,Lake Steven,ysantiago@example.com,2017-09-10
443,Cindy Santiago,West Melissa,sawyermolly@example.net,2024-06-14
444,Amy Salas,Harrisview,jonathanrichmond@example.org,2024-04-13
445,Laura Lee,Woodardtown,carlmartinez@example.net,2019-02-20
446,Kelly Hardy,Armstrongside,mcalhoun@example.org,2024-07-29
447,Christopher Martinez,South Saraton,ycrawford@example.org,2022-01-02
448,Jeffrey Reynolds,Butlerfurt,qcole@example.org,2021-02-02
449,Selena Hernandez,New Markside,fspencer@example.net,2021-11-06
450,Victor Bates,Woodland,mberry@example.org,2022-12-06
451,Vanessa Cunningham,Whitefort,klinerobert@example.org,2018-03-28
452,David Hicks,Hillhaven,wdominguez@example.net,2021-06-22
453,David Hall,Lindaberg,joshua73@example.com,2025-03-30
454,Jordan Scott,Laurachester,sydney07@example.net,2024-05-15
455,Krista Shea,East Calvinville,pattersonmichael@example.org,2018-03-16
456,Lisa Clark,East Bridget,danielkennedy@example.com,2020-05-10
457,Kimberly Carrillo,Chelseaburgh,taylormiguel@example.net,2018-07-16
458,Jeff Dixon,Holmesville,stevenskristen@example.net,2019-08-02
459,Jillian Bruce,East Charles,hvelazquez@example.com,2019-08-02
460,James Rodriguez,Steelefurt,susan60@example.net,2017-08-13
461,Rachel Rodriguez,Mariafurt,zparks@example.com,2023-04-06
462,Travis Lowery,New Daniel,rrichardson@example.com,2022-11-03
463,Victoria Anderson,Branchton,jamesyoung@example.org,2023-09-29
464,Wendy Beltran,Westview,gilesmichael@example.org,2023-03-08
465,Kristin Stevens,Hayesstad,bryancandace@example.net,2021-01-25
466,Christopher Sanford,Port Abigailmouth,rickyallen@example.org,2022-03-22
467,Scott Strickland,Martinborough,joshuasmith@example.net,2024-06-27
468,Cheryl Adams,Curtisville,emilymitchell@example.com,2018-12-06
469,Mr. Jared Castillo,North Tiffany,evansjim@example.com,2020-08-27
470,Tony Gonzalez,New Carl,edavis@example.net,2025-11-01
471,Richard Sweeney,Port Anthony,icastillo@example.org,2025-05-03
472,Tonya Powell,Lake Tiffany,kimberly83@example.com,2018-12-01
473,Amanda Stewart,Lake Lauraton,ypruitt@example.com,2020-04-27
474,John Myers,Lake Scott,patricia04@example.org,2020-08-12
475,Bruce Chapman,Lake Jeffreyberg,birdtammy@example.com,2016-07-10
476,Bradley Espinoza,West Andreachester,kristin39@example.net,2018-08-10
477,Adam Russo,Port Sarah,salazarkatherine@example.net,2025-08-27
478,Sean King,Ellisfurt,gsimpson@example.net,2024-02-27
479,Cheryl Howard,Sheilachester,qlucero@example.net,2025-10-10
480,Mariah Rhodes,Drakeside,robertbrown@example.com,2019-11-05
481,Courtney Green MD,East Elizabethmouth,emily36@example.org,2024-03-04
482,Chad Smith,East Williamton,angela00@example.com,2020-05-19
483,Riley Jacobs,West Kellychester,colevalerie@example.org,2025-10-02
484,Noah Gross,East Melissaview,grobinson@example.org,2020-12-28
485,Emily Riley,Andersonland,pbenton@example.org,2019-06-28
486,Corey Conley,West Rebecca,megan17@example.net,2017-10-12
487,Angela Mccarty,New Peter,richardscynthia@example.org,2018-08-15
488,Brenda Anderson,Sweeneyport,omitchell@example.net,2026-03-13
489,Deborah Mckinney,North John,curtis02@example.net,2018-01-04
490,James Foley MD,New Kyleburgh,kruegerbeth@example.net,2024-01-18
491,Michelle Wiggins,Orrburgh,martinbrandon@example.net,2018-10-12
492,Christina Spears,North Robert,stewartmary@example.com,2026-02-28
493,Martha Nunez,North Lucas,duranjulie@example.org,2019-01-24
494,Tracey Mccarthy,West Jennifer,elizabethhopkins@example.com,2018-04-09
495,Meredith Mcgee,Bruceport,lewistom@example.com,2019-12-28
496,David Barr,North Maxwellville,fergusoncharles@example.net,2019-08-11
497,Teresa Garcia,South Ryan,vchambers@example.net,2021-12-03
498,Mary Nguyen,West Theodoreburgh,uhall@example.net,2021-05-19
499,Jessica Santos,Williamsborough,stephanie46@example.org,2016-06-26
500,Sarah Benton,Lake Michaelland,jenniferdavis@example.net,2023-03-22
501,Matthew Wong,Lauraville,zachary04@example.org,2023-03-27
502,Derek Smith,Gutierrezside,yjones@example.com,2021-01-30
503,James Fisher,East Charles,krystalmadden@example.org,2020-01-01
504,Kimberly Walker,West Markville,bgentry@example.org,2022-06-23
505,Olivia Parker,North Patricia,ephillips@example.org,2019-05-26
506,Karina Reyes,Jeremiahhaven,sherring@example.net,2021-11-26
507,Ernest Thornton,Sawyerberg,carrilloandrew@example.com,2022-10-13
508,Zachary Jordan,Robertton,paulamiller@example.com,2025-08-05
509,William Newman,North Susanfort,joshuapaul@example.net,2020-07-15
510,Kristin Smith,Lake Chelsey,jeffreybanks@example.net,2019-11-14
511,Lisa Alexander,Carlosberg,gonzalezadam@example.org,2021-07-24
512,David Boyd,Ianberg,yperez@example.com,2017-09-04
513,Paula Casey,New Nathan,livingstongregory@example.net,2017-09-29
514,Maureen Moreno,North Brendaland,debbie63@example.com,2021-12-23
515,Jennifer Martin,East Tracyport,wcurtis@example.com,2019-09-22
516,Brian Howe,Thompsonmouth,cowanwilliam@example.net,2021-09-25
517,Rebekah Lyons,South Michelle,pmckee@example.net,2024-10-11
518,Julie Evans,Lake Brittanyhaven,nunezkelly@example.com,2018-05-07
519,Lance Gibson,Annaville,corteztodd@example.com,2017-12-17
520,William Stone,Davieschester,angelabaker@example.org,2024-01-17
521,Morgan Ayala,Port Erica,pbriggs@example.net,2017-11-26
522,David Velez,East Amanda,brittany65@example.net,2024-11-30
523,Michelle Thomas,South Lisa,amy55@example.com,2020-11-07
524,Austin Miller,Tamaraborough,mitchellhicks@example.com,2020-02-06
525,David Jones,Lake Craigfort,nicoleclayton@example.net,2024-09-19
526,Wayne Washington,East Davidtown,daviskathleen@example.org,2016-11-01
527,Sarah Ross,New Michaeltown,pconrad@example.net,2021-03-21
528,Michael Wolf,Kellyland,thomas16@example.org,2022-09-15
529,Allen Sullivan,North Donnastad,stevenscharles@example.net,2024-12-04
530,Jonathan Burke,New Emilyland,kimberlyescobar@example.org,2026-04-04
531,Christopher Peters,Martinside,hensleyalexis@example.net,2018-08-23
532,Kathryn Campbell,Michaelview,rmueller@example.org,2023-01-07
533,Mrs. Samantha Moore,Port Kristenfurt,andersonjohn@example.org,2017-11-13
534,Ashley Garner,West Angelaburgh,mcdanielrobert@example.com,2017-03-11
535,Jason Hicks,North Johnfort,davidclark@example.net,2019-09-15
536,Jose Glass,Pittmanmouth,hartmanrachael@example.com,2016-08-25
537,Matthew Watts,Lake Sandrastad,xross@example.com,2025-08-12
538,Michael Jimenez,East Lisafurt,swong@example.net,2017-03-22
539,Mrs. Melanie Brady,North Alexandramouth,bartonlevi@example.com,2025-03-19
540,Ryan Smith,Jasminemouth,andrew10@example.com,2016-10-27
541,Aaron Middleton,Denisestad,matthew05@example.com,2016-07-04
542,Steven Ayers,Frederickside,yhayes@example.net,2017-07-28
543,Joe Solis,Rodriguezburgh,collinssydney@example.net,2025-03-08
544,Colleen Stanley,Costabury,scunningham@example.net,2018-06-24
545,Timothy Nelson,Olsonstad,cody79@example.com,2020-08-26
546,Jason Small,Keithside,cclark@example.com,2020-03-02
547,Kaitlyn Woods,Beanchester,daviladavid@example.net,2020-02-12
548,Patrick Carpenter,Cooperhaven,mperry@example.org,2018-12-29
549,Hannah Cross,Lake Marilyn,vicki07@example.org,2017-08-21
550,Tim Murillo,Port Deniseside,katiele@example.org,2019-02-08
551,Mark Buchanan,Lewismouth,ayerskenneth@example.com,2017-11-22
552,Terry Lawrence,New Kristinafurt,sallypadilla@example.net,2024-05-25
553,Eric Martinez,Joshuaborough,grayjeremy@example.net,2016-08-23
554,Heidi Hawkins,East John,fryejennifer@example.net,2023-09-12
555,Michelle Hurst,Goodmanmouth,acooper@example.com,2026-01-26
556,Charlene Wallace,New John,campbelldustin@example.com,2021-03-01
557,Michael Hall,New James,busherin@example.org,2022-04-27
558,Terry Hodges,Torresmouth,bkent@example.net,2018-08-12
559,Jacob Miller,South Richard,samanthastout@example.com,2024-11-11
560,Aaron Garcia,Ricemouth,jennifer05@example.org,2020-07-18
561,Doris Robinson,South Paulville,vbrewer@example.com,2018-09-30
562,William Fischer,New Julieport,victoria69@example.net,2017-07-20
563,Alejandra Woods,Tiffanystad,mannmichael@example.com,2019-02-21
564,Barbara Jimenez,South Grant,tina54@example.net,2017-10-05
565,Brandon Mason,Smithhaven,jeremyjohnson@example.org,2023-05-31
566,Jodi Greene,Markchester,vasquezsamantha@example.net,2020-06-17
567,Mary Johnson,East Stanleyfort,jeremy17@example.net,2025-11-07
568,Blake Cobb,Walterside,stephanie13@example.org,2022-05-27
569,Charles Wright,Anthonyton,foleyjaclyn@example.org,2020-11-19
570,Joe Wilkerson,Ellisonstad,watsonnathan@example.com,2020-12-07
571,Tiffany Keith,Campbellbury,michaelfrench@example.com,2018-10-27
572,Shelly Bass,Martinezmouth,thenry@example.org,2020-05-11
573,Richard Osborne,Port Roberttown,hannahburns@example.org,2023-10-11
574,Lauren Byrd,New Phillip,smithdanielle@example.net,2020-10-12
575,Becky Thompson,Meganborough,warnershari@example.com,2023-03-31
576,David Fitzgerald,Staffordfurt,ismith@example.net,2019-01-28
577,Melanie Adams,Davidmouth,vanessaskinner@example.com,2016-12-07
578,Randall Benson,New Sarahstad,phernandez@example.net,2017-12-31
579,Katie Bean,Saraville,briannafrey@example.com,2023-03-01
580,Thomas Kim,South Barbara,michael74@example.org,2021-04-18
581,Gina Calderon,North Jennifershire,gerald12@example.org,2021-05-04
582,Christopher Edwards,Leeville,jdavis@example.net,2024-04-16
583,Ryan Cooke,New Lisaville,scottsims@example.net,2024-01-04
584,Rhonda Myers,Thomaschester,pfreeman@example.org,2025-06-10
585,Andrew Hurst,East Caleb,ericlopez@example.net,2017-08-23
586,Danielle Ho,Peckview,ogriffin@example.com,2018-08-06
587,Stanley Gray,Port Donaldside,csalas@example.net,2020-06-03
588,Jennifer Black,Wesleyberg,richardsonkenneth@example.org,2018-05-06
589,Michael Sweeney,Wandaborough,ortizjordan@example.com,2023-10-06
590,Steven Wright,New Joseport,gabrielle35@example.net,2017-04-28
591,Zachary Hardy,East Jennifer,katrina95@example.org,2021-06-22
592,James Johnson,South Nathanielside,mary09@example.net,2022-08-11
593,Nicholas Parks,East Susanside,ztran@example.net,2021-08-20
594,Charles Walker,Wilsonfort,sullivanjeffery@example.net,2024-02-10
595,Cindy Martin,Mcclainshire,camerongoodwin@example.com,2019-04-21
596,Natasha Gregory MD,East Angela,jamesrussell@example.net,2018-05-16
597,Tanya Griffin,Brendaview,ucruz@example.net,2018-10-09
598,Brian Curry,Floresshire,melissa70@example.com,2021-11-01
599,Ashley Graham,East Robert,nicholsjustin@example.org,2018-08-28
600,William Weaver,Lake Brandon,xoconnell@example.org,2023-08-03
601,John Petersen,Jefferyfurt,lorihubbard@example.net,2025-02-28
602,Michael Browning,West Stephanie,copelandcharles@example.org,2019-03-26
603,Alexandra Kramer,Steventown,simonstefanie@example.com,2025-06-25
604,Melanie Watkins,Hebertmouth,melindasawyer@example.com,2022-09-29
605,Molly Moore,Port Brittney,janet30@example.org,2022-11-01
606,Dr. Elizabeth Sanchez DDS,New Dominique,crodriguez@example.net,2018-05-20
607,James Jones,Port Scott,brooke65@example.net,2025-06-15
608,Jeffrey Hogan,New Michaelshire,scott50@example.com,2022-06-29
609,Austin Eaton,Davidtown,glenchurch@example.org,2023-05-31
610,Elizabeth Murphy DDS,East Patricia,whernandez@example.org,2019-12-14
611,Christine Combs,New Alexander,hannahbarnes@example.com,2023-02-18
612,Alicia Norton,North Amanda,marvin51@example.net,2017-02-20
613,Anna Blake,Dorisburgh,donald08@example.org,2018-12-08
614,Bryan Jackson,Robertborough,todd76@example.com,2021-08-18
615,Benjamin Williams,East Mariaberg,kochvalerie@example.org,2020-08-31
616,Tyler Bruce,Rossview,michelleirwin@example.org,2017-01-10
617,Richard Jones,Port Rickmouth,hsims@example.org,2025-12-16
618,John Stephens,Troybury,jenniferbrady@example.org,2018-07-17
619,Andrew Burton,North Margaretton,efitzgerald@example.org,2022-10-03
620,Hayley Bryant,East Russell,glynch@example.org,2017-02-11
621,Sarah Mahoney,North Donna,nicholas94@example.org,2017-08-02
622,Stephen Hurst,Lowerymouth,henryamber@example.org,2021-04-02
623,Jennifer Paul,Hamiltonfurt,hrodriguez@example.org,2022-03-12
624,John Carter,Lake Jennifermouth,charlescook@example.org,2018-10-16
625,Robert Mcmillan,Marctown,ryan17@example.com,2016-09-10
626,Crystal Riddle,Lake Kimberlyhaven,oorr@example.org,2017-05-04
627,Keith Guerra,East Kaylaburgh,kenneth31@example.com,2021-04-10
628,Shelley Miller,New Jordan,colinwilliams@example.com,2019-03-18
629,Madison Young,Jadebury,crystalrobinson@example.com,2019-04-25
630,Phillip Mason,West Leslie,melindamay@example.org,2017-11-13
631,Michele Ho,Port Dawnburgh,stephen18@example.net,2023-09-04
632,Stephen Becker,Port Brooke,kelleybradley@example.com,2022-04-06
633,Eric Villarreal,Dalehaven,guerrerocharles@example.net,2019-11-26
634,Kathy Khan,New Amy,lauren71@example.org,2019-02-08
635,Anna Morales,Jonesbury,jaredanderson@example.org,2016-10-07
636,Maria Sanchez,Lake Stacy,hsmith@example.org,2022-08-23
637,Andrea Ross,Hallland,holmesaaron@example.org,2021-03-09
638,William Tyler,Michelleville,ismith@example.org,2020-04-18
639,Mrs. Debra Smith,Suttonville,vgibbs@example.org,2025-01-09
640,Krystal Santos,South Stephanieland,austin78@example.org,2022-10-11
641,Louis Clark,West Lauren,ashley76@example.com,2016-06-17
642,Adam Williams,Alejandroborough,pprice@example.com,2021-09-02
643,Elizabeth Ward,Howemouth,brandon73@example.org,2019-08-31
644,Melvin Stanley,North Christopherview,ohendricks@example.net,2024-12-21
645,Robert Flores,South Sherrychester,brian21@example.net,2021-10-15
646,Robert Martin,Gibsonland,mblankenship@example.com,2017-01-30
647,Kyle Hicks,Johnsonmouth,kelly35@example.org,2020-01-24
648,Erin Livingston,Katherinefort,kbenjamin@example.org,2022-09-30
649,Jennifer Blair,Mccallfort,katherinehaney@example.net,2020-06-27
650,Donald Burgess,Kathrynmouth,bethmedina@example.net,2022-09-19
651,Megan Giles,Jacobside,ariley@example.com,2019-05-21
652,Monique Cowan,Lindsaymouth,byrdhannah@example.com,2021-11-15
653,Kimberly Hall,West Luis,michael28@example.net,2020-01-28
654,Brianna Green,South Davidberg,johnsoncandace@example.com,2020-02-23
655,Joshua Wood,Kellyport,david80@example.com,2025-05-29
656,Sharon Melendez,Meadowsfurt,conradashley@example.com,2023-04-19
657,Steve Guerrero,East Kristafort,kennethrodriguez@example.com,2018-11-28
658,Cory Johnson,Garciaberg,jennifer40@example.org,2022-09-01
659,Karla Baker,West Scott,alicia67@example.com,2018-10-03
660,Richard Buck,East Alyssa,loweandrew@example.com,2019-07-03
661,Calvin Ellis,Sosaside,jenniferchang@example.org,2021-07-25
662,Charles Swanson,Garcialand,amber70@example.org,2024-10-05
663,Steven Morris,South Sophiaberg,duartemonique@example.org,2017-07-05
664,Mr. Matthew Clark IV,Hensleytown,hjohnson@example.net,2017-08-19
665,Allison Lawrence,North Justin,calderonjames@example.org,2021-03-28
666,Justin Jones,Alvarezview,jacob56@example.org,2022-10-02
667,Gregory Brown,New Nicholasville,gonzalezkathleen@example.org,2016-08-23
668,Kimberly Burns,New Christopher,victoria40@example.org,2026-04-14
669,Rodney Ferguson,New Michelle,stacy92@example.com,2021-01-29
670,Erin Livingston,West Nancy,jessica51@example.com,2024-11-16
671,Theresa Moreno,North Patricia,contrerasjohn@example.org,2022-09-16
672,Paul Gray,West Jeffrey,mark21@example.com,2025-09-18
673,Lindsay Henderson,Lake Rhondastad,chenpamela@example.org,2021-10-08
674,William Lee,New Adam,andrewwhite@example.com,2019-04-28
675,Jonathan Bond,East Alecbury,carsonmario@example.org,2016-07-15
676,John Kelley,Lake Bradleyton,kennethfrench@example.net,2016-09-16
677,Paul Smith,South Pamelaside,colonanna@example.net,2025-08-29
678,Morgan Baker,Lake Gregory,melissa59@example.net,2025-11-27
679,Steven Martin,Smithbury,thompsonconnor@example.org,2021-10-21
680,Levi Kramer,Jonesmouth,thomasrose@example.com,2018-03-11
681,Michael Gibson,Brownside,michele35@example.net,2019-10-12
682,Brian Sanders,South Brian,justin90@example.org,2018-02-08
683,Lauren Ellison,East Haroldbury,nathanparker@example.org,2019-11-15
684,Todd Delgado,North Michael,hinesjohn@example.net,2019-09-11
685,Kelsey Beasley,Jacobton,kevin74@example.net,2019-12-02
686,Rick Henderson,New William,michellegalloway@example.org,2026-01-27
687,Sara King,Timothyshire,gonzalezdonald@example.com,2023-07-10
688,Susan Davis,Andersonland,ysanders@example.org,2022-03-24
689,Jonathan Woodard,Hansonberg,eherrera@example.net,2025-07-21
690,Danielle Morales,New Brianhaven,kjenkins@example.com,2022-11-10
691,Charles Melendez,South Sarah,arnoldsteven@example.net,2017-03-01
692,Kelly Allison,Evanston,cross@example.org,2017-02-07
693,Rhonda York,West Maryfort,combsjohn@example.com,2022-12-11
694,Kimberly Hayes,Nancymouth,joy63@example.net,2017-04-12
695,Jordan Duran,New Peterfurt,michaelmarshall@example.org,2023-01-29
696,Brett Brennan,West Jillian,cynthiataylor@example.net,2019-05-12
697,Sandra Richards,Danielmouth,merceramanda@example.org,2017-08-20
698,Charles Whitehead,Scottmouth,zchan@example.net,2019-12-26
699,Thomas Higgins,Dianaview,blong@example.net,2026-05-24
700,Dr. Anthony Perez DDS,East Bethside,paul85@example.net,2024-11-21
701,Christopher Mcpherson,Brownmouth,alyssa08@example.net,2020-08-22
702,Jamie Collier,West Melissa,maddenjames@example.org,2016-12-11
703,Stephen Gregory,Michaelland,anthony31@example.com,2019-09-25
704,Eric Schmidt,Carterburgh,tracyanderson@example.com,2018-08-25
705,Kayla Martin,East Brentmouth,bethbaldwin@example.org,2019-02-08
706,Corey Gomez,West Robertland,ctownsend@example.org,2026-06-10
707,Stephanie Webster,Josemouth,istewart@example.org,2024-07-10
708,Kristi Spears,New Jennifer,derrickhenderson@example.net,2022-01-24
709,Jared Logan,South Christopher,schneiderchristopher@example.net,2019-02-03
710,Renee Garcia,Port Melissabury,dianaroberts@example.net,2019-10-19
711,Holly Torres,Grahamton,ugeorge@example.org,2020-01-15
712,Danny Bennett,Freemanland,ronald85@example.org,2025-03-24
713,Mark Cook,North Allenside,nicole63@example.net,2016-11-16
714,Samuel Obrien,New Dana,oparsons@example.com,2022-11-18
715,Sarah Pruitt,West Jonathanville,pnoble@example.net,2026-02-28
716,Sheila Mccarthy,South Jamesview,hollyguerra@example.net,2020-06-10
717,Brian Bowen,South John,leedgar@example.com,2021-02-11
718,Matthew Miller,East Williamport,emalone@example.org,2018-06-14
719,Brandon Davis,Patrickburgh,richard10@example.net,2022-04-07
720,Jeremy Watson,Masseyburgh,kathy24@example.org,2017-11-13
721,Suzanne David,North Michael,perezmichelle@example.org,2020-12-07
722,Kevin Vasquez,Lake Michael,april36@example.com,2026-04-21
723,Grant Graham,Rogersfort,tylerdyer@example.net,2019-05-31
724,Brianna Keller,Tammyport,leebrittany@example.net,2026-06-03
725,Micheal Brock,Warrenmouth,andrew07@example.com,2021-12-18
726,Mitchell Sims,New Patrickland,ithompson@example.org,2023-09-27
727,Erin Davis,Timothymouth,richardskimberly@example.com,2024-04-24
728,Christine Haynes,Coleside,wadebrandon@example.net,2016-09-26
729,Hunter Fitzgerald,North Emilyville,mark00@example.org,2021-04-23
730,Crystal Dillon,Rodriguezmouth,amylara@example.org,2025-07-22
731,Matthew Wilson,New Fernando,urodriguez@example.com,2017-07-18
732,Caroline Hudson,East Maria,jennifer24@example.com,2017-11-26
733,Clayton Arias,New Karina,lphelps@example.net,2022-02-25
734,Rebecca Robinson,East Anthony,beckyjackson@example.net,2025-10-14
735,David Walton,Lambertview,ysimpson@example.net,2024-08-01
736,Sarah Morris,East Richardborough,charlesorozco@example.com,2025-03-02
737,Robert Smith,Elizabethview,josecruz@example.net,2023-09-25
738,Tonya Miller,West Daniel,amy92@example.com,2024-11-24
739,Melanie Erickson,Port Brooke,dylanthompson@example.org,2022-01-09
740,Brad Farrell,Port Dennisview,carterpatrick@example.net,2020-02-09
741,Jennifer Patton,New Laurenburgh,nielsenrobert@example.net,2020-09-01
742,Carol Hill,East Jennifertown,michaeldiaz@example.com,2023-01-06
743,Tammy Johns,North Kelly,patrickowens@example.org,2016-07-02
744,Edward Fuller,Williamchester,samanthafoley@example.org,2022-06-25
745,James Patterson,Gainesmouth,chelsea00@example.net,2025-10-15
746,Desiree Martin,Waltermouth,glennkristopher@example.net,2020-03-14
747,Stephanie Smith,New Ashley,anthonywebb@example.net,2022-12-24
748,Steven Marshall,Timothychester,theresa82@example.net,2024-04-21
749,Christopher Ortega,Woodfort,vmartinez@example.com,2018-01-10
750,Timothy Smith,North Jasonberg,vjohnson@example.com,2019-05-06
751,Austin Irwin,Garrettburgh,ghall@example.com,2019-08-15
752,Michael Randolph,Port Richardport,mccormickselena@example.org,2019-02-05
753,Andrew Hinton,North Sharonville,etorres@example.net,2016-12-28
754,Eric Wilson,Rollinsmouth,michael42@example.net,2023-04-08
755,Matthew Knight,South Jessicaport,kwillis@example.org,2022-09-26
756,William Morales,Lake Lynnburgh,ndoyle@example.com,2019-12-05
757,Diana Jackson,Lake Christopherchester,qross@example.org,2021-08-21
758,Robert Taylor,Benjaminburgh,xjones@example.org,2019-03-10
759,Tamara Hudson,East Phillipland,erica97@example.org,2024-09-18
760,Jonathan Villegas,East Lindaside,zallen@example.com,2022-09-21
761,Tammy Khan,Garciaborough,nelsonrichard@example.net,2022-01-22
762,Danielle Harvey,North Thomas,medinamonica@example.net,2023-04-09
763,Lisa Cowan,South Paul,zhall@example.org,2018-04-29
764,Louis Ross,West Kevinburgh,greenerik@example.com,2025-11-28
765,Ashlee Mullins,Jennifermouth,okim@example.com,2023-08-02
766,Matthew Cruz,Brendaville,elizabethhunter@example.net,2021-10-08
767,Daniel Garrison IV,Thompsontown,joshuahaynes@example.com,2016-08-22
768,Renee Patterson,Elizabethville,rodgerssteven@example.net,2024-05-19
769,Dr. Anthony Collins,South Margaretville,pearsonhenry@example.com,2018-07-14
770,Holly Gallegos,Davisbury,fhoffman@example.com,2017-10-29
771,Anthony Johnson,South Darlene,charles95@example.org,2019-09-29
772,Mary Lee,West Joseph,jeffrey72@example.org,2025-10-25
773,Linda Armstrong,New Veronicahaven,mcontreras@example.net,2021-09-10
774,Megan Hendricks,Feliciahaven,marco94@example.com,2020-05-09
775,John Jones,Wrightside,sandra51@example.com,2024-03-29
776,Katelyn Stevens,North Sheri,qsmith@example.org,2025-10-13
777,Stephanie Sanchez,Kaylastad,tcollins@example.com,2025-02-07
778,Timothy Griffith,West David,gfernandez@example.net,2020-11-17
779,David Bell,Hurleystad,juliebishop@example.org,2019-11-03
780,Jessica Thomas,West David,underwoodmarcus@example.net,2017-01-21
781,Michael Washington,East Brianshire,fvelazquez@example.net,2017-12-11
782,Gregory Meza,West Alison,courtney71@example.org,2021-10-08
783,Jacqueline Suarez,Lake Raymond,pmartinez@example.org,2022-09-24
784,Michelle Wallace,Shannonstad,jacksondenise@example.com,2025-11-06
785,Victoria Vasquez,Toniland,fwaller@example.net,2024-12-02
786,Vanessa Harding,Jonesborough,emilywatson@example.com,2024-04-10
787,Timothy Gutierrez,West Amandamouth,johnwebb@example.com,2025-02-01
788,April Klein,North Laura,kathrynlewis@example.org,2018-09-03
789,Ruth Wallace,Ramosborough,bruceanthony@example.net,2019-12-23
790,Mary Lopez,Rodriguezmouth,gsimmons@example.com,2018-01-08
791,Rhonda Gonzalez,North Barbaraton,pwilliams@example.com,2021-12-29
792,Eric Green,Hickston,moorekimberly@example.com,2021-01-24
793,Alex Knapp,Pattyfort,chapmanmarcus@example.org,2021-12-30
794,Tanya Harrison,West Kristina,andrew02@example.org,2022-05-28
795,Sabrina Potts,Port Amberport,cbrown@example.org,2022-01-24
796,Judy Sharp,Welchbury,alyssabooker@example.com,2021-11-04
797,Linda Montgomery,Tashashire,andrew95@example.org,2021-01-27
798,Stephen Williams,Mendozastad,gholden@example.com,2019-12-12
799,Diana Stafford,Port Allisonbury,patrick18@example.net,2022-02-03
800,Jordan Hernandez,Lake Meganhaven,zross@example.com,2020-08-30
801,David Scott,Port Erinstad,carolynreid@example.org,2017-03-31
802,Bryan Castaneda,East Williamville,kristen45@example.com,2024-03-31
803,Robert Conley,Nataliechester,michaelpitts@example.com,2017-11-16
804,Christine Richardson,Port Erichaven,jpadilla@example.org,2016-09-04
805,Joseph Allen,Port Tony,ijordan@example.org,2025-03-22
806,Juan Lucero,Briannaville,randybarnes@example.net,2025-07-05
807,Taylor Jimenez DDS,East Mollyburgh,fyoung@example.net,2019-06-26
808,Robin Stafford,East Brianchester,omitchell@example.org,2022-09-18
809,Jo Smith,Toddchester,lindasawyer@example.net,2025-11-28
810,Linda Robbins,East Brooke,amyjoseph@example.com,2021-07-12
811,Jessica Johnson,Michaelstad,victoriawhite@example.net,2017-05-15
812,Miranda Berry,Caitlinfort,tracie22@example.net,2025-05-09
813,Jessica Green,West Marthafurt,patriciabishop@example.org,2017-06-11
814,Cory Peck,Doyleberg,smithcharles@example.net,2020-06-03
815,Susan Myers,Port Denisestad,ycastro@example.org,2025-12-23
816,Gregory Hernandez,Rubioside,raymond43@example.com,2018-06-23
817,Eric Holt,Lake Jasonbury,haydenzachary@example.com,2022-06-14
818,Tina Hudson,Hansenstad,mccartymarcus@example.com,2023-03-08
819,Amy Cox,New Tracymouth,rodriguezmichael@example.org,2016-09-12
820,Jeff Garrett,Port Jessicahaven,vdavid@example.net,2025-04-06
821,Robert Howard,Williechester,david91@example.net,2026-05-02
822,Jesse Andrews,New Willie,ukelly@example.org,2025-10-12
823,Regina Lester,Amandaburgh,audreyscott@example.org,2017-01-05
824,Karen Gomez,Hernandezton,jenna57@example.com,2016-11-28
825,Tiffany Gallegos,Jasonmouth,melaniethomas@example.net,2024-02-11
826,Corey Monroe,Romeroshire,brian90@example.org,2018-11-21
827,Diane Oneal MD,Port Laurie,toddwang@example.net,2024-05-16
828,Johnny Turner,Martinmouth,lpotter@example.net,2017-01-29
829,Matthew Bender,East Ralphland,earl64@example.org,2022-07-26
830,Jimmy Richards,Stephanieville,campbellmisty@example.net,2026-03-30
831,Roy Taylor,Lake Justin,fbarker@example.net,2019-02-25
832,Jordan Hall,Port Katherine,robertokim@example.org,2017-07-23
833,David Foster,Ryanfort,brad79@example.com,2018-11-21
834,Katie Barry,Evanston,tylerlauren@example.net,2025-10-16
835,Kimberly Carr,North Annaton,david85@example.com,2017-11-19
836,Timothy Turner,Jessicafurt,dianamartinez@example.com,2025-01-03
837,Jared Mcintyre,Lake Josephfurt,penachristopher@example.net,2022-10-19
838,Kimberly Morris,Myersmouth,brownashley@example.com,2021-10-02
839,David Williamson,Butlerside,heather58@example.net,2018-04-02
840,Amanda Ortega,Meghantown,jamesmelissa@example.org,2018-10-12
841,Lucas Hansen,Lake Douglas,jthomas@example.net,2022-09-23
842,Beth Ellis,Mcdonaldton,bradleyian@example.com,2025-12-28
843,Jonathan Johnson,Cassandraborough,monique25@example.net,2019-02-11
844,Stephanie Allen,South Anne,heather16@example.org,2021-01-03
845,Stephanie Acosta,North Carlos,hdonovan@example.net,2018-12-06
846,Michelle Evans,New Michaelport,thomasjerome@example.org,2023-07-11
847,Hannah Diaz,South Derek,ycooper@example.org,2021-08-27
848,William Murray,Lake Abigailstad,michaelmiller@example.org,2023-11-09
849,Angela Thompson,Perezmouth,johnsonmichelle@example.com,2017-01-13
850,Tyler Mcclain,West Jamesburgh,davisandrew@example.org,2021-09-13
851,Michael Schneider,North Deborahview,mark76@example.org,2025-04-27
852,Anthony Steele,Osborneview,linda79@example.com,2025-04-13
853,William Proctor,West Denise,powellgeorge@example.org,2019-02-11
854,Sharon Torres,New Bradleyside,kyle76@example.org,2025-01-25
855,Michael Olson,Jessicaville,miranda68@example.org,2017-05-08
856,Erica Taylor,Jillland,gutierrezanna@example.com,2016-12-16
857,Paul Castro,South Keith,clarkjake@example.org,2021-10-01
858,Scott Dominguez,Sierraville,matthew60@example.com,2022-11-05
859,Mrs. Mary Torres,Hannahland,kimberly55@example.org,2016-07-23
860,Rebekah Williams,East Williamside,jcurtis@example.net,2020-12-15
861,Timothy Day,Jasonchester,jordanbarry@example.net,2023-02-12
862,Joshua Roberts,Tylerhaven,ortegajody@example.net,2023-03-17
863,Ryan Wright,Jillianstad,bethanygreene@example.net,2022-08-18
864,Linda Carey,Lake Aaron,wayne66@example.net,2022-09-19
865,Christopher Lozano,Williamsland,dbriggs@example.org,2021-03-20
866,Paula Moore,Matthewberg,jennifer38@example.com,2017-10-02
867,Heather Fletcher,East Juanport,donald08@example.com,2017-04-23
868,Larry Malone,Kathleenport,xfoster@example.com,2023-07-04
869,Christine Taylor,Campbellfort,mercadolindsey@example.net,2020-06-02
870,Kathryn Ramos,East Catherineland,turnerjill@example.com,2023-11-25
871,Rachael Harrell,Harrisonmouth,jacqueline44@example.org,2017-12-31
872,Eric Davis,Port Brian,patelbrent@example.com,2022-09-10
873,Lisa Zhang,West Jasminfurt,vicki91@example.org,2025-02-23
874,Denise Nguyen,Moonville,jford@example.org,2019-04-02
875,Sarah Ramirez,Lake Jamesmouth,holmesbrianna@example.org,2018-05-20
876,Robert Nelson,South Tracy,kochgeoffrey@example.org,2024-05-03
877,Timothy Skinner,Port Matthewside,chad68@example.org,2025-11-04
878,Haley Smith,North Jennifershire,alexander64@example.org,2016-09-23
879,Christopher Garza,South Patrick,jacksonmatthew@example.com,2023-02-24
880,Robert Webb,North Louis,lesliemontgomery@example.org,2017-01-08
881,Adam Daugherty,Changville,jacksonjeremy@example.net,2023-07-25
882,Sergio Hall,Stephensville,barrettlisa@example.org,2017-03-09
883,Richard Middleton,Josephport,orivera@example.com,2017-12-12
884,Aaron Green,Port Megan,alexandriaedwards@example.org,2020-08-28
885,Elizabeth Davidson,Meyerside,jimcallahan@example.com,2024-06-09
886,Miss Rachel Benitez,Hortonhaven,kevin82@example.org,2017-01-03
887,Samuel Ewing,Ortegashire,chandlercameron@example.org,2023-02-03
888,Jeffrey Green,Laurieberg,ithompson@example.net,2025-12-05
889,Stacey Reese,South Tyler,bharris@example.com,2018-07-29
890,Dr. Kayla Parker DDS,South Anna,timothycox@example.net,2018-06-10
891,Jenna Gonzalez,Christopherburgh,heatherholder@example.org,2016-12-24
892,Isaac Carroll,North Shannonfort,hunderwood@example.net,2022-08-08
893,Danny Shaw,Joseland,hleonard@example.net,2019-09-24
894,Jonathan Campos,Port David,vhernandez@example.org,2021-03-31
895,Anthony Martinez,Johnport,sierra00@example.net,2016-09-11
896,John Johnston,Port Perry,jonesscott@example.com,2020-09-22
897,Andrew Gardner,South Alexandra,lynchderek@example.org,2018-04-14
898,Timothy Medina,Morrismouth,vlopez@example.net,2022-12-08
899,Lindsay Carter,Mcconnellland,andrewtaylor@example.net,2022-06-20
900,Jeremy Mueller,Coleport,taylorjohn@example.net,2021-08-20
901,Jamie Salazar,Carlosbury,michael41@example.net,2016-11-03
902,David Hernandez,Laurafurt,curryjean@example.net,2017-09-07
903,Sherry Benitez,North Michaelbury,jamesmichael@example.com,2024-04-09
904,Christopher Rangel,Port Alexanderchester,donaldrichardson@example.net,2021-04-03
905,Angela Stephenson,South Vincentport,schwartzdiana@example.com,2020-10-10
906,Corey Wallace,Patelville,fcampbell@example.net,2018-02-02
907,Stephanie Young,Ricardoside,darlene58@example.net,2020-04-11
908,Mr. Christopher Parrish,Port Donald,jfuentes@example.org,2018-05-18
909,Judy Baker,East Jared,murphyjames@example.org,2016-11-29
910,Sean Shaffer,Steeleborough,caldwelljoseph@example.net,2023-02-02
911,Mary Gay,Dustinside,wgreen@example.net,2020-07-07
912,Andrew Johnson,Lake David,qgraham@example.org,2018-08-31
913,Ashley Rhodes,Danielhaven,fadkins@example.com,2022-09-04
914,Janice Herman,East Melissaborough,cameron76@example.net,2017-01-04
915,Mario Tyler,Marytown,jmoore@example.com,2023-12-02
916,Stephen Hess,South Monicashire,oharrison@example.org,2025-03-13
917,Christopher Ramirez,East Gregory,katelyn62@example.net,2024-05-16
918,Mrs. Jillian Marshall,South Joseph,fblack@example.net,2017-08-12
919,James Wise,Alvarezport,ctaylor@example.com,2020-01-05
920,Heather Hernandez,North Nathantown,tammytrujillo@example.net,2019-03-28
921,Teresa Mcintosh,Lake Tammy,kaitlynsuarez@example.org,2024-09-15
922,Edward Smith,Port Bryan,williamcollins@example.com,2018-08-15
923,Christine Sanders,Thomasfort,mgonzalez@example.net,2019-06-01
924,Jared Stevens,Vincentborough,kempjanet@example.com,2019-09-21
925,Tony Rogers,Lake Sarah,louis23@example.org,2019-08-11
926,Timothy Lewis,Johnsonview,danielallison@example.com,2018-06-20
927,Craig Rogers,East Margaretberg,johnduncan@example.net,2019-01-17
928,Lauren Washington,Robinsonberg,jeffrey33@example.net,2022-06-04
929,Monica Holt,Jaimestad,anthony06@example.org,2018-08-30
930,Kathleen Murray,Pierceburgh,mary19@example.net,2025-01-15
931,Mr. Micheal Robbins,Smithtown,alice02@example.org,2018-06-11
932,Deborah Shields,Jordanburgh,samuellynn@example.com,2016-07-10
933,Beth Larson,Johnport,khernandez@example.com,2019-12-01
934,Austin Smith,Laneside,booneamanda@example.com,2022-03-02
935,Mary Snyder,Branchstad,jeremyacosta@example.org,2021-03-20
936,Jennifer Yates,Grimesville,bryan79@example.net,2022-01-31
937,Dana Lee,North Pattyberg,montoyakarina@example.net,2018-10-11
938,Kenneth Jones,Coleton,belljesse@example.com,2024-03-18
939,Gary Jackson,Barnesmouth,jason09@example.net,2020-05-31
940,Charles Edwards,Port Jeanette,silvamegan@example.org,2023-03-19
941,Laura Norman,Melendezhaven,samanthavaughn@example.com,2023-05-09
942,Stephen Cruz,Ryanstad,anita73@example.net,2025-01-31
943,Catherine Mckinney,Savannahville,hwalls@example.com,2023-03-29
944,Marcus Wilkinson,New Tammietown,gmurray@example.net,2021-03-12
945,Barbara Kaiser,South Aaronport,courtney55@example.net,2021-04-25
946,Adam Taylor,Moralesside,nwright@example.com,2019-02-02
947,Terri English,Beckshire,david74@example.net,2021-05-12
948,Elizabeth Kirk,Kennedyville,zchavez@example.net,2016-12-17
949,Brittany Harris,Port Annachester,katherine61@example.net,2018-09-30
950,Melvin Gordon,Jameston,fglover@example.com,2025-01-10
951,Richard Wilson,Dennisside,jonathan01@example.net,2022-10-18
952,Danielle Hernandez,Port Chad,nicholsnicholas@example.com,2018-06-12
953,John Floyd,East Vincentborough,kmiller@example.org,2024-04-10
954,Robert Franco,Lake Natashafort,andreaholmes@example.com,2023-06-19
955,Joseph Carney,Port Jamesburgh,xbowers@example.com,2018-10-26
956,Holly Brooks,New Cynthia,aespinoza@example.net,2026-04-19
957,Maurice Austin,Annaland,vasquezjoseph@example.com,2024-05-28
958,Cody Perry,Dawnfurt,jeffreybuchanan@example.org,2022-03-04
959,Jimmy Fischer,North Jessica,davidwaller@example.net,2025-07-24
960,Tanya Hawkins,Tylerland,mccormickjohn@example.org,2020-04-12
961,Nicholas Collins,West Ryanland,qprice@example.org,2021-11-15
962,Maria Huynh,North Carlaville,valerie65@example.com,2017-12-09
963,Jennifer Williams,Brooksberg,derek65@example.com,2023-08-27
964,Kayla Ball,North Kaylee,djohnson@example.net,2023-11-18
965,John Morris,New Angela,michelle78@example.com,2025-04-22
966,Jennifer Parker,Dianestad,danielleharmon@example.net,2024-04-10
967,Dr. Joe Marsh Jr.,Barronton,hallrobert@example.com,2025-04-13
968,Regina Conway,Christinaberg,perezstephen@example.org,2023-11-06
969,Daniel Castro,South Josephfurt,nserrano@example.org,2023-01-24
970,Justin Reese,Lake Christian,ryandoyle@example.com,2023-07-01
971,Edward Thomas,North Timothy,nicole26@example.net,2017-09-04
972,Amanda Montgomery,Watsonland,billnguyen@example.org,2017-07-09
973,Andrea Ford,East Jeffreystad,burnsbelinda@example.net,2018-01-16
974,Makayla Romero,West Candace,hannah96@example.net,2025-04-29
975,Roger Huynh,East Dylan,xhansen@example.com,2018-08-11
976,Douglas Jenkins,Larryton,josephlong@example.net,2023-02-04
977,Laura Morris,New Paigeview,curtislinda@example.com,2019-09-15
978,Catherine Vargas,Lake Markhaven,kristinsimmons@example.com,2020-01-07
979,Hannah Hudson,Paulstad,ncook@example.net,2023-12-12
980,Christopher Bell,East Leslieshire,petersonmanuel@example.net,2023-09-21
981,Christopher Shaffer,New Theodore,riverateresa@example.com,2018-10-24
982,Natalie White,Brownburgh,melissacisneros@example.org,2016-12-01
983,Robert Weber,South Kristamouth,tortiz@example.org,2020-01-01
984,Robin Perez,South Frank,youngmary@example.com,2025-10-10
985,Hayley Wyatt,Trujillohaven,vchang@example.com,2025-08-03
986,Richard Ayala,South Victoria,rholland@example.com,2016-10-22
987,Mike Rogers,Sarahmouth,kcolon@example.com,2019-11-11
988,Daniel Barnett,Henryton,uglover@example.com,2025-12-28
989,Lisa Brown,Jamesborough,derrick08@example.org,2020-01-16
990,Robert Duncan,Eriktown,zmullen@example.org,2019-02-06
991,Donald Mann,Lake Johnside,uparsons@example.net,2020-07-21
992,Kevin Schneider,Mitchellmouth,fordjill@example.org,2022-03-28
993,Angel Thomas,North Melanieview,wmartin@example.com,2020-11-02
994,Duane Fritz,New Katrina,nathaniel67@example.com,2025-12-19
995,Kendra Davis,Perezland,shericooper@example.net,2021-12-08
996,Raymond Porter,Millshaven,holdercharles@example.org,2025-10-07
997,Jesus Davis,Smithchester,karengarcia@example.com,2024-01-15
998,David Bell MD,South Daniel,coreymora@example.org,2018-08-13
999,Albert Randall,Annfort,dstewart@example.org,2018-01-26
1000,Jeremy Morrison,South Anthony,marywilcox@example.net,2025-01-11
